ID,chap,sp,trat,orient,pend,sol,Solvege,dom,alt0,a10,a20,vol0,frutos0,t0,t0pond,fustes0n,tocon0,sup1,frutos1,alt1,a11,a21,vol2,t1,sup2,frutos2,alt2,a12,a22,vol2,t2,sup3,frutos3,alt3,a13,a23,vol3,t3,sup4,frutos4,alt4,a14,a24,vol4,t4,sup5,frutos5,alt5,a15,a25,vol5,t5,nfustes5
2,11,ata,a,170,20,140,35,dom,220,300,350,23100000,516,12.00,12.00,4,32,1,0,115,177,157,3195735,4.00,1,0,140,240,210,7056000,2.00,1,0,114,150,130,2223000,2.17,1,0,182,180,320,10483200,2.15,1,0,100,133,140,1862000,1.25,24
3,12,ata,a,170,20,143,20,dom,178,180,80,2563200,260,1.00,1.00,2,15,1,0,58,130,70,527800,1.08,1,0,102,101,96,988992,0.67,1,0,37,74,70,191660,1.20,1,0,24,30,40,28800,0.50,0,NA,NA,NA,NA,NA,NA,NA
4,8,ata,b,165,30,124,20,dom,230,250,240,13800000,429,5.00,5.00,2,14,1,0,177,110,116,2258520,NA,1,26,260,210,170,9282000,0.83,1,0,141,84,146,1729224,NA,1,12,247,200,200,9880000,0.77,1,0,144,128,103,1898496,NA,6
9,17,ang,c,203,31,138,15,dom,389,342,376,50022288,696,3.00,6.00,24,25,1,0,235,166,190,7411900,NA,1,1,346,320,360,39859200,NA,1,885,412,517,490,104371960,NA,1,560,450,500,550,123750000,10.25,1,0,190,175,170,5652500,NA,33
10,18,ang,a,210,30,139,15,dom,365,457,463,77230715,833,4.00,8.00,16,33,1,0,195,157,160,4898400,4.08,1,0,283,189,187,10002069,3.83,1,0,186,135,112,2812320,1.97,1,0,166,68,164,1851232,1.30,1,0,80,86,88,605440,1.37,8
12,19,ata,b,203,23,138,15,dom,250,310,290,22475000,511,1.00,2.00,1,18,1,0,121,147,108,1920996,NA,1,0,177,227,280,11250120,1.83,1,0,152,163,152,3765952,NA,1,80,240,260,240,14976000,2.67,1,0,144,130,103,1928160,NA,11
13,20,ata,c,195,33,138,15,dom,272,306,407,33875424,597,1.00,2.00,2,33,1,0,194,174,180,6076080,NA,1,0,280,265,347,25747400,NA,1,2400,328,203,450,29962800,NA,1,550,332,442,440,64567360,6.75,1,0,96,100,114,1094400,NA,31
14,21,ata,c,175,18,151,10,dom,233,200,245,11417000,402,1.00,2.00,2,22,1,0,157,155,113,2749855,NA,1,0,160,160,130,3328000,NA,1,0,210,310,200,13020000,NA,1,480,260,360,440,41184000,3.03,1,0,153,110,80,1346400,NA,16
15,22,ata,b,191,34,141,10,dom,154,160,182,4484480,302,0.50,0.50,3,14,1,0,121,94,90,1023660,NA,1,0,206,158,168,5468064,0.83,1,0,130,129,127,2129790,NA,1,80,193,224,214,9251648,1.17,1,0,123,114,81,1135782,NA,16
16,23,ata,c,191,34,141,10,dom,183,260,198,9420840,377,2.50,2.50,2,7,1,0,76,79,84,504336,NA,1,0,130,170,170,3757000,NA,1,76,147,208,185,5656560,NA,1,120,280,240,340,22848000,1.55,1,0,109,145,118,1864990,NA,17
17,24,ata,c,190,35,140,7,sub,120,190,160,3648000,285,1.00,1.00,1,18,0,0,NA,NA,NA,NA,NA,0,NA,NA,NA,NA,NA,NA,0,NA,NA,NA,NA,NA,NA,0,NA,NA,NA,NA,NA,NA,0,NA,NA,NA,NA,NA,NA,NA
18,25,ang,a,167,37,134,5,dom,630,640,640,258048000,1413,13.50,27.00,42,32,1,0,230,166,231,8819580,5.08,1,0,220,240,234,12355200,3.37,1,0,161,107,120,2067240,1.02,0,NA,NA,NA,NA,NA,NA,0,NA,NA,NA,NA,NA,NA,NA
19,26,ata,b,176,21,143,5,dom,136,160,187,4069120,294,2.50,2.50,2,18,1,0,93,75,75,523125,NA,1,0,118,179,174,3675228,0.55,1,0,87,80,103,716880,NA,1,0,47,170,170,1358300,1.38,1,0,53,68,80,288320,NA,8
20,27,ata,c,176,21,143,5,dom,225,220,133,6583500,337,0.50,0.50,2,10,1,0,58,62,83,298468,NA,1,0,113,152,160,2748160,NA,1,82,110,210,158,3649800,NA,1,280,110,200,240,5280000,0.47,1,0,104,97,143,1442584,NA,8
21,28,ang,a,176,21,143,5,dom,226,235,206,10940660,396,1.50,1.50,6,8,1,0,76,72,83,454176,0.97,1,0,130,98,110,1401400,0.75,1,0,111,95,70,738150,0.70,1,0,118,100,70,826000,1.00,1,0,86,90,60,464400,0.95,11
23,30,ang,c,182,33,142,5,dom,215,208,130,5813600,325,0.50,0.50,1,16,1,0,107,97,67,695393,NA,1,0,137,173,168,3981768,NA,1,66,179,242,184,7970512,NA,1,250,205,270,260,14391000,0.83,1,0,110,79,77,669130,NA,14
24,31,ata,a,190,40,137,5,dom,190,206,205,8023700,359,0.50,0.50,1,22,1,0,88,102,93,834768,0.37,1,0,99,87,53,456489,0.40,1,0,91,97,52,459004,0.38,1,0,60,80,24,115200,0.58,1,0,28,46,40,51520,0.62,7
25,32,ang,a,190,42,136,5,dom,415,390,450,72832500,813,3.00,6.00,16,42,1,0,207,128,142,3762432,4.05,1,0,232,135,130,4071600,2.67,1,0,180,154,148,4102560,2.47,1,0,142,105,93,1386630,1.67,1,0,100,100,86,860000,1.02,9
26,33,ang,b,181,41,138,15,dom,315,440,496,68745600,794,3.00,6.00,10,28,1,0,208,173,143,5145712,NA,1,13,308,250,252,19404000,2.13,1,0,223,182,173,7021378,NA,1,0,320,250,250,20000000,3.37,1,0,185,190,107,3761050,NA,19
27,34,ata,c,185,35,141,18,dom,140,170,190,4522000,302,0.50,1.00,1,12,1,0,96,79,55,417120,NA,1,0,122,159,107,2075586,NA,1,0,157,180,195,5510700,NA,1,560,204,234,254,12124944,0.83,1,0,120,110,108,1425600,NA,8
28,35,ang,a,189,35,138,5,dom,390,400,360,56160000,730,3.00,6.00,17,21,1,0,192,116,129,2873088,5.08,1,0,206,152,215,6732080,2.17,1,0,170,130,133,2939300,2.80,1,0,112,103,82,945952,1.17,1,0,108,89,100,961200,2.13,13
29,36,ata,a,200,29,129,30,sub,403,510,490,100709700,933,4.00,8.00,2,36,1,0,199,153,164,4993308,5.08,1,0,162,206,164,5473008,1.72,1,0,118,118,142,1977208,2.17,1,0,105,80,70,588000,0.65,1,0,95,116,90,991800,1.68,14
30,37,ata,c,166,35,127,15,sub,340,350,370,44030000,662,0.50,1.00,1,26,1,0,249,123,27,826929,NA,1,0,340,232,200,15776000,NA,1,0,385,281,320,34619200,NA,1,230,412,365,312,46918560,0.70,1,0,217,185,160,6423200,NA,11
31,38,ata,a,177,11,125,40,sub,400,470,460,86480000,874,1.50,1.50,3,19,1,0,226,139,177,5560278,5.08,1,0,186,137,128,3261696,1.02,1,0,182,120,115,2511600,1.63,1,0,88,67,70,412720,1.47,0,NA,NA,NA,NA,NA,NA,NA
32,39,ata,b,188,35,143,10,dom,290,330,340,32538000,587,2.00,4.00,1,27,1,0,122,121,128,1889536,NA,1,3,177,234,251,10395918,1.02,1,0,176,48,127,1072896,NA,1,65,257,260,255,17039100,1.20,1,0,127,144,140,2560320,NA,12
33,40,ang,a,188,36,143,10,dom,316,280,177,15660960,448,2.00,4.00,3,20,1,0,160,141,92,2075520,5.08,1,0,142,106,139,2092228,1.17,1,0,139,112,28,435904,0.83,1,0,157,104,94,1534832,0.83,1,0,108,70,67,506520,1.22,12
34,41,ang,c,188,36,143,5,dom,385,350,330,44467500,664,1.00,2.00,6,29,1,0,163,155,140,3537100,NA,1,50,250,248,234,14508000,NA,1,540,212,400,356,30188800,NA,1,450,287,350,330,33148500,6.73,1,0,195,160,150,4680000,NA,21
35,42,ang,b,188,36,146,5,dom,360,300,220,23760000,521,1.50,3.00,5,29,1,0,185,131,109,2641615,NA,1,152,269,217,175,10215275,1.18,1,0,160,118,108,2039040,NA,1,0,277,170,180,8476200,1.50,1,0,145,106,75,1152750,NA,11
36,43,ang,c,179,30,138,20,dom,400,470,380,71440000,806,1.50,3.00,7,20,1,0,231,157,127,4605909,NA,1,0,315,270,294,25004700,NA,1,180,354,400,520,73632000,NA,1,1200,400,501,403,80761200,6.40,1,0,230,160,150,5520000,NA,26
38,45,ata,c,182,43,136,5,dom,190,217,270,11132100,399,0.50,1.00,1,12,1,0,128,114,103,1502976,NA,1,0,167,216,156,5627232,NA,1,0,213,330,250,17572500,NA,1,800,228,360,250,20520000,1.58,1,0,130,110,106,1515800,NA,8
39,46,ata,b,177,39,142,5,dom,186,300,245,13671000,427,2.50,5.00,1,11,1,0,88,154,135,1829520,NA,1,2,119,241,201,5764479,0.97,1,0,139,179,105,2612505,NA,1,98,192,290,200,11136000,1.23,1,0,61,86,102,535092,NA,17
40,47,ata,c,179,39,142,5,dom,220,210,260,12012000,409,2.50,5.00,2,10,1,0,114,138,107,1683324,NA,1,2,140,171,153,3662820,NA,1,0,259,287,302,22448566,NA,1,770,170,290,290,14297000,2.00,1,0,215,124,140,3732400,NA,15
41,48,ang,b,193,35,133,5,dom,300,430,260,33540000,594,1.50,3.00,8,24,1,0,158,123,115,2234910,NA,1,13,261,251,245,16050195,1.67,1,0,178,175,160,4984000,NA,1,0,280,230,292,18804800,2.40,1,0,137,144,129,2544912,NA,21
42,49,ata,c,190,24,135,0,dom,240,196,360,16934400,461,2.00,4.00,1,14,1,0,150,107,156,2503800,NA,1,0,254,163,174,7203948,NA,1,0,259,253,282,18478614,NA,1,780,280,280,300,23520000,2.08,1,0,110,148,138,2246640,NA,9
43,50,ata,a,179,28,137,30,sub,360,180,215,13932000,430,0.50,0.50,1,22,1,0,90,94,102,862920,0.35,1,0,168,118,128,2537472,0.62,1,0,163,100,122,1988600,0.43,1,0,146,92,102,1370064,0.65,1,0,144,80,72,829440,1.20,4
44,51,ang,c,178,34,138,35,sub,517,527,460,125331140,1025,5.00,10.00,36,22,1,0,230,170,162,6334200,NA,1,18,364,302,300,32978400,NA,1,1400,392,166,500,32536000,NA,1,480,470,550,490,126665000,15.65,1,0,170,176,170,5086400,NA,37
45,52,ang,b,174,30,118,25,sub,370,450,230,38295000,626,3.00,6.00,1,13,1,0,181,182,133,4381286,NA,1,0,280,230,223,14361200,1.52,1,0,165,126,115,2390850,NA,1,0,272,232,238,15018752,2.13,1,0,140,122,106,1810480,NA,11
46,53,ata,a,178,30,116,35,sub,540,850,710,325890000,1571,4.00,8.00,4,30,1,0,212,190,183,7371240,2.97,1,0,160,140,159,3561600,1.00,1,0,158,110,108,1877040,1.12,1,0,130,100,120,1560000,0.32,1,0,84,101,90,763560,0.17,6
47,54,ata,b,180,35,105,25,sub,290,480,320,44544000,665,2.00,4.00,2,17,1,0,130,86,75,838500,NA,1,0,290,179,200,10382000,0.33,1,0,185,108,87,1738260,NA,1,0,356,166,120,7091520,0.35,1,0,160,145,90,2088000,NA,7
48,55,ata,c,178,28,120,30,sub,380,325,190,23465000,519,0.50,1.00,1,13,1,0,132,73,90,867240,NA,1,0,241,186,216,9682416,NA,1,0,330,300,360,35640000,NA,1,240,350,370,320,41440000,1.22,1,0,176,153,134,3608352,NA,12
49,56,ang,a,179,52,114,45,sub,380,470,550,98230000,923,1.50,3.00,6,20,1,0,150,97,94,1367700,0.68,0,NA,NA,NA,NA,NA,NA,0,NA,NA,NA,NA,NA,NA,0,NA,NA,NA,NA,NA,NA,0,NA,NA,NA,NA,NA,NA,NA
50,57,ang,c,200,30,117,40,sub,380,360,280,38304000,626,0.50,1.00,4,24,1,0,214,103,113,2490746,NA,1,0,312,163,196,9967776,NA,1,0,310,273,280,23696400,NA,1,250,417,317,207,27363123,0.77,1,0,210,120,103,2595600,NA,12
51,58,ata,b,198,35,111,35,sub,280,155,160,6944000,343,0.50,0.50,1,10,1,0,149,55,40,327800,NA,1,0,258,93,72,1727568,0.30,1,0,163,67,97,1059337,NA,1,0,270,140,125,4725000,0.37,1,0,152,80,90,1094400,NA,3
52,59,ata,a,198,35,111,30,sub,350,165,260,15015000,442,0.50,1.00,1,16,1,0,121,72,120,1045440,0.20,1,0,66,101,53,353298,0.12,1,0,119,94,57,637602,0.13,1,0,46,41,44,82984,0.47,0,NA,NA,NA,NA,NA,NA,NA
53,60,ang,b,201,32,134,30,sub,500,200,160,16000000,452,0.50,1.00,2,18,1,0,160,40,86,550400,NA,1,0,215,160,153,5263200,0.35,1,0,183,92,177,2979972,NA,1,0,285,220,290,18183000,0.43,1,0,160,73,60,700800,NA,6
54,61,ang,a,195,44,137,20,sub,290,180,170,8874000,370,0.50,0.50,2,12,1,0,149,53,56,442232,0.38,1,0,132,60,47,372240,0.18,1,0,68,73,63,312732,0.30,0,NA,NA,NA,NA,NA,NA,0,NA,NA,NA,NA,NA,NA,NA
55,62,ata,c,180,30,115,40,sub,495,310,210,32224500,585,0.50,1.00,3,12,1,0,185,83,85,1305175,NA,1,0,337,165,185,10286925,NA,1,0,430,232,305,30426800,NA,1,770,440,260,260,29744000,0.95,1,0,170,116,116,2287520,NA,9
56,63,ang,b,180,38,138,35,sub,620,660,410,167772000,1165,3.00,6.00,48,10,1,0,207,136,144,4053888,NA,1,0,290,265,277,21287450,3.83,1,0,174,137,130,3098940,NA,1,0,234,234,250,13689000,2.60,1,0,144,66,50,475200,NA,10
57,64,ang,c,183,32,125,15,sub,395,380,240,36024000,611,2.00,4.00,7,18,1,0,202,128,128,3309568,NA,1,0,271,203,256,14083328,NA,1,0,250,350,275,24062500,NA,1,60,330,330,260,28314000,7.77,1,0,192,135,126,3265920,NA,7
58,65,ang,b,172,42,129,20,dom,460,710,590,192694000,1239,3.00,6.00,39,26,1,0,256,244,184,11493376,NA,1,0,409,340,324,45055440,6.55,1,0,206,224,207,9551808,NA,1,0,320,320,330,33792000,3.73,1,0,166,120,170,3386400,NA,16
59,66,ata,c,176,40,130,20,sub,359,290,280,29150800,563,0.50,1.00,1,12,1,0,156,69,65,699660,NA,1,0,216,160,134,4631040,NA,1,0,346,230,284,22600720,NA,1,400,400,400,350,56000000,1.23,1,0,183,105,100,1921500,NA,8
60,67,ata,a,178,35,122,25,sub,377,320,270,32572800,588,0.50,1.00,1,14,1,0,140,80,97,1086400,0.55,1,0,175,127,124,2755900,0.17,1,0,127,115,73,1066165,0.45,0,NA,NA,NA,NA,NA,NA,0,NA,NA,NA,NA,NA,NA,NA
61,68,ang,a,178,30,120,70,sub,430,380,660,107844000,960,1.00,2.00,14,11,0,0,NA,NA,NA,NA,NA,0,NA,NA,NA,NA,NA,NA,0,NA,NA,NA,NA,NA,NA,0,NA,NA,NA,NA,NA,NA,0,NA,NA,NA,NA,NA,NA,NA
62,69,ata,c,178,25,117,28,dom,398,270,260,27939600,554,0.50,1.00,3,19,1,0,190,103,127,2485390,NA,1,0,325,276,225,20182500,NA,1,0,413,390,413,66521910,NA,1,980,400,390,410,63960000,3.50,1,0,214,160,150,5136000,NA,16
63,70,ang,a,170,38,116,35,sub,410,460,377,71102200,805,0.50,1.00,9,14,1,0,165,110,101,1833150,1.58,1,0,117,100,90,1053000,0.90,1,0,140,80,50,560000,0.67,0,NA,NA,NA,NA,NA,NA,0,NA,NA,NA,NA,NA,NA,NA
64,71,ang,a,174,32,118,15,sub,370,520,330,63492000,768,0.50,1.00,4,12,1,0,160,105,125,2100000,1.07,1,0,139,130,100,1807000,0.65,1,0,113,80,60,542400,0.60,0,NA,NA,NA,NA,NA,NA,0,NA,NA,NA,NA,NA,NA,NA
65,72,ang,b,185,30,118,10,dom,470,520,518,126599200,1029,1.50,3.00,11,19,1,0,234,137,130,4167540,NA,1,0,360,313,350,39438000,3.17,1,0,150,150,185,4162500,NA,1,0,332,255,207,17524620,1.92,1,0,150,167,125,3131250,NA,14
66,73,ata,b,180,28,115,15,dom,410,480,520,102336000,939,1.50,3.00,1,18,1,0,153,143,111,2428569,NA,1,0,326,230,273,20469540,1.78,1,0,229,162,208,7716384,NA,1,250,400,390,300,46800000,3.23,1,0,188,142,245,6540520,NA,16
68,75,ata,a,180,25,125,75,dom,510,540,440,121176000,1010,1.50,3.00,3,12,1,0,229,76,99,1722996,1.00,1,0,53,40,34,72080,0.08,1,0,161,100,90,1449000,0.45,0,NA,NA,NA,NA,NA,NA,0,NA,NA,NA,NA,NA,NA,NA
69,76,ata,b,179,13,122,60,sub,386,330,250,31845000,583,1.50,3.00,1,12,1,0,220,106,110,2565200,NA,1,0,385,156,98,5885880,0.50,1,0,170,176,120,3590400,NA,1,0,314,288,200,18086400,1.08,1,0,204,134,97,2651592,NA,7
70,77,ang,b,180,24,125,80,sub,470,400,420,78960000,841,0.50,1.00,6,14,1,0,160,71,84,954240,NA,0,NA,NA,NA,NA,NA,NA,0,NA,NA,NA,NA,NA,NA,0,NA,NA,NA,NA,NA,NA,0,NA,NA,NA,NA,NA,NA,NA
71,78,ang,c,181,18,119,70,sub,535,490,270,70780500,803,1.00,2.00,12,14,1,0,216,100,97,2095200,NA,1,0,371,203,165,12426645,NA,1,32,417,460,343,65794260,NA,1,480,550,350,380,73150000,4.08,1,0,218,148,169,5452616,NA,24
72,79,ata,a,197,23,129,30,sub,560,520,120,34944000,604,14.00,14.00,2,28,1,0,217,115,88,2196040,1.13,1,0,102,61,63,391986,0.62,0,NA,NA,NA,NA,NA,NA,0,NA,NA,NA,NA,NA,NA,0,NA,NA,NA,NA,NA,NA,NA
73,80,ang,a,179,40,123,35,sub,400,260,420,43680000,659,0.50,1.00,2,26,1,0,188,71,84,1121232,0.87,0,NA,NA,NA,NA,NA,NA,0,NA,NA,NA,NA,NA,NA,0,NA,NA,NA,NA,NA,NA,0,NA,NA,NA,NA,NA,NA,NA
74,85,ata,c,170,50,130,60,sub,280,120,170,5712000,323,0.50,0.50,1,10,1,0,114,147,63,1055754,NA,1,0,140,185,70,1813000,NA,1,0,241,205,125,6175625,NA,1,550,268,268,168,12066432,1.40,1,0,130,109,78,1105260,NA,9
75,82,ang,b,173,35,142,40,dom,310,240,190,14136000,432,1.50,3.00,1,11,1,0,147,82,85,1024590,NA,1,0,243,144,100,3499200,0.30,1,0,153,73,57,636633,NA,1,0,220,180,160,6336000,0.83,1,0,146,100,47,686200,NA,7
76,83,ang,a,173,35,142,30,dom,350,336,390,45864000,673,3.00,6.00,11,19,1,0,196,130,115,2930200,2.00,1,0,166,145,110,2647700,1.57,1,0,109,110,100,1199000,1.22,0,NA,NA,NA,NA,NA,NA,0,NA,NA,NA,NA,NA,NA,NA
77,84,ang,a,166,38,144,20,dom,280,270,290,21924000,506,3.00,3.00,10,24,1,0,153,137,117,2452437,2.35,1,0,149,112,111,1852368,1.92,1,0,154,100,108,1663200,1.50,1,0,105,90,104,982800,2.23,1,0,80,70,79,442400,2.82,16
78,86,ang,c,180,45,139,35,dom,460,640,615,181056000,1205,17.00,34.00,32,35,1,0,223,206,210,9646980,NA,1,210,349,337,307,36107191,NA,1,1200,390,390,430,65403000,NA,1,4000,362,505,515,94147150,18.83,1,0,137,208,175,4986800,NA,50
79,87,ang,b,184,44,145,15,dom,340,300,520,53040000,713,7.00,14.00,13,19,1,0,195,132,144,3706560,NA,1,210,238,234,200,11138400,2.83,1,0,190,150,165,4702500,NA,1,0,304,247,283,21249904,3.83,1,0,157,158,130,3224780,NA,21
81,89,ang,c,178,32,145,10,sub,230,130,190,5681000,323,2.00,2.00,5,17,1,0,70,83,46,267260,NA,0,NA,NA,NA,NA,NA,NA,0,NA,NA,NA,NA,NA,NA,0,NA,NA,NA,NA,NA,NA,0,NA,NA,NA,NA,NA,NA,NA
82,90,ang,a,184,44,145,15,dom,410,560,550,126280000,1028,3.00,6.00,33,15,1,0,252,177,185,8251740,4.72,1,0,206,170,190,6653800,2.53,1,0,87,83,78,563238,1.08,0,NA,NA,NA,NA,NA,NA,0,NA,NA,NA,NA,NA,NA,NA
83,91,ata,c,222,10,112,25,dom,280,140,170,6664000,339,0.50,1.00,1,14,1,0,90,40,20,72000,NA,0,NA,NA,NA,NA,NA,NA,0,NA,NA,NA,NA,NA,NA,0,NA,NA,NA,NA,NA,NA,0,NA,NA,NA,NA,NA,NA,NA
84,92,ang,b,200,38,120,10,dom,400,410,380,62320000,762,0.50,1.00,6,26,1,0,196,130,138,3516240,NA,1,0,340,206,366,25634640,1.57,1,0,147,116,116,1978032,NA,1,0,250,170,190,8075000,0.67,1,0,123,90,70,774900,NA,6
85,93,ata,b,200,38,120,10,sub,340,460,300,46920000,679,0.50,1.00,1,9,1,0,172,110,125,2365000,NA,1,0,250,209,165,8621250,0.52,1,0,149,145,136,2938280,NA,1,15,210,210,234,10319400,1.58,1,0,128,128,100,1638400,NA,8
86,94,ata,c,195,46,86,40,sub,365,250,240,21900000,506,0.50,1.00,1,18,1,0,157,71,39,434733,NA,1,0,240,107,115,2953200,NA,1,0,247,153,140,52907400,NA,1,160,300,178,185,9879000,0.53,1,0,131,100,87,1139700,NA,6
87,95,ang,c,172,60,89,35,sub,620,700,500,217000000,1307,0.50,1.00,11,12,1,0,192,139,70,1868160,NA,1,0,280,296,230,19062400,NA,1,50,345,370,358,45698700,NA,1,300,410,397,500,81385000,2.77,1,0,165,160,160,4224000,NA,17
88,96,ang,a,171,38,140,50,dom,370,400,340,50320000,698,2.00,2.00,9,16,1,0,212,120,113,2874720,1.83,1,0,130,95,104,1284400,0.82,1,0,92,74,54,367632,0.30,1,0,84,40,30,100800,0.65,0,NA,NA,NA,NA,NA,NA,NA
89,97,ata,a,188,50,132,55,sub,440,590,400,103840000,945,4.00,8.00,2,14,1,0,193,162,170,5315220,1.08,1,0,50,104,76,395200,0.32,1,0,105,105,64,705600,0.47,1,0,99,55,43,234135,0.42,0,NA,NA,NA,NA,NA,NA,NA
90,98,ang,a,202,45,130,30,dom,480,510,670,164016000,1153,6.00,12.00,16,25,1,0,193,178,135,4637790,1.63,1,0,154,100,80,1232000,0.25,0,NA,NA,NA,NA,NA,NA,0,NA,NA,NA,NA,NA,NA,0,NA,NA,NA,NA,NA,NA,NA
91,99,ang,c,188,50,140,50,sub,450,500,400,90000000,889,1.00,2.00,18,18,1,0,175,135,132,3118500,NA,1,0,230,246,300,16974000,NA,1,30,320,262,310,25990400,NA,1,60,388,420,480,78220800,7.40,1,0,218,158,140,4822160,NA,27
92,100,ang,c,185,37,141,50,dom,410,430,350,61705000,759,2.50,5.00,13,12,1,0,214,148,124,3927328,NA,1,0,290,267,320,24777600,NA,1,2400,440,454,440,87894400,NA,1,850,420,445,380,71022000,5.83,1,0,165,177,190,5548950,NA,22
93,101,ang,a,189,50,146,10,dom,450,500,350,78750000,840,3.50,7.00,33,13,1,0,164,160,170,4460800,4.05,1,0,184,208,208,7960576,1.58,0,NA,NA,NA,NA,NA,NA,0,NA,NA,NA,NA,NA,NA,0,NA,NA,NA,NA,NA,NA,NA
96,104,ang,c,173,53,145,60,sub,376,475,450,80370000,847,3.00,6.00,13,20,1,0,172,105,98,1769880,NA,1,0,241,209,258,12995202,NA,1,55,446,276,320,39390720,NA,1,800,500,350,200,35000000,4.67,1,0,147,142,110,2296140,NA,16
97,105,ang,c,183,50,143,40,dom,240,320,280,21504000,502,2.50,5.00,7,9,1,0,108,90,91,884520,NA,1,0,140,171,139,3327660,NA,1,0,200,215,205,8815000,NA,1,600,250,270,280,18900000,3.83,1,0,106,140,130,1929200,NA,22
98,106,ata,b,167,31,143,10,dom,310,330,300,30690000,574,2.00,4.00,1,20,1,0,154,128,112,2207744,NA,1,0,290,280,200,16240000,2.00,1,0,196,160,193,6052480,NA,1,60,243,280,260,17690400,3.15,1,0,135,155,90,1883250,NA,13
99,107,ata,b,167,31,142,20,dom,280,430,320,38528000,627,5.00,10.00,1,19,1,0,170,142,152,3669280,NA,1,0,253,253,227,14530043,1.92,1,0,170,166,160,4515200,NA,1,300,280,288,280,22579200,1.05,0,NA,NA,NA,NA,NA,NA,NA
100,108,ang,b,167,31,145,20,sub,260,155,140,5642000,322,0.50,1.00,2,15,1,0,122,78,60,570960,NA,1,0,230,210,170,8211000,0.88,1,0,167,72,72,865728,NA,1,0,260,170,160,7072000,0.67,1,0,142,90,70,894600,NA,13
101,109,ata,c,158,30,128,30,dom,270,380,350,35910000,610,2.50,5.00,1,13,1,0,168,148,145,3605280,NA,1,0,270,277,310,23184900,NA,1,240,328,410,410,55136800,NA,1,2500,310,417,400,51708000,8.27,1,0,164,146,170,4070480,NA,36
102,110,ata,c,170,37,142,30,dom,340,415,390,55029000,724,3.00,6.00,8,18,1,0,181,142,118,3032836,NA,1,0,320,300,300,28800000,NA,1,1600,334,360,360,43286400,NA,1,900,313,420,400,52584000,2.80,1,0,220,157,157,5422780,NA,13
103,111,ata,a,171,36,142,30,dom,200,310,180,11160000,399,0.50,0.50,1,13,1,0,133,80,86,915040,0.42,1,0,143,73,60,626340,0.73,1,0,150,105,86,1354500,0.72,1,0,47,24,38,42864,0.25,0,NA,NA,NA,NA,NA,NA,NA
104,112,ang,c,171,32,142,25,dom,270,245,230,15214500,444,0.50,1.00,1,10,1,0,132,120,84,1330560,NA,1,0,176,156,120,3294720,NA,1,125,220,252,190,10533600,NA,1,1100,260,190,260,12844000,2.17,1,0,158,170,160,4297600,NA,21
105,113,ata,b,150,30,145,5,dom,270,360,360,34992000,604,1.00,2.00,3,12,1,0,147,164,116,2796528,NA,1,0,223,223,200,9945800,2.12,1,0,166,110,140,2556400,NA,1,550,265,265,300,21067500,2.03,1,0,155,133,144,2968560,NA,15
106,114,ang,b,180,38,152,0,dom,250,210,170,8925000,371,0.50,1.00,2,16,1,0,144,95,92,1258560,NA,1,0,260,247,160,10275200,0.65,1,0,130,136,100,1768000,NA,1,0,300,220,270,17820000,1.33,1,0,180,125,125,2812500,NA,7
107,115,ata,a,162,35,133,30,dom,250,440,560,61600000,758,3.50,7.00,1,22,1,0,189,160,157,4747680,1.00,1,0,125,130,140,2275000,1.43,1,0,114,110,114,1429560,1.62,0,NA,NA,NA,NA,NA,NA,0,NA,NA,NA,NA,NA,NA,NA
108,116,ata,c,176,35,140,8,dom,250,340,310,26350000,542,2.50,5.00,1,19,1,0,187,123,130,2990130,NA,1,0,230,220,180,9108000,NA,1,480,340,320,316,34380800,NA,1,600,280,280,360,28224000,4.27,1,0,290,180,190,9918000,NA,14
109,117,ata,c,190,30,134,25,dom,180,290,240,12528000,415,1.00,2.00,2,9,1,0,114,147,130,2178540,NA,1,0,190,220,220,9196000,NA,1,60,330,330,330,35937000,NA,1,900,304,320,360,35020800,4.03,1,0,143,180,160,4118400,NA,13
110,118,ata,b,190,30,134,32,dom,170,280,260,12376000,413,1.00,2.00,2,9,1,0,113,118,114,1520076,NA,1,7,198,170,183,6159780,0.87,1,0,118,144,133,2259936,NA,1,0,210,267,213,11942910,1.42,1,0,188,132,120,2977920,NA,13
111,119,ata,a,170,30,145,20,dom,230,230,390,20631000,495,6.00,12.00,3,22,1,0,125,154,150,2887500,NA,1,0,250,250,240,15000000,3.02,1,0,202,148,170,5082320,3.68,1,0,122,120,140,2049600,2.92,1,0,106,173,130,2383940,1.07,17
112,120,ata,a,170,28,145,20,dom,220,310,270,18414000,475,1.00,2.00,1,14,1,0,155,140,147,3189900,2.66,1,0,161,150,140,3381000,1.35,1,0,152,142,158,3410272,1.30,1,0,138,149,150,3084300,1.48,1,0,133,135,140,2513700,1.00,19
113,121,ata,c,156,23,130,45,sub,400,700,400,112000000,976,0.50,1.00,1,15,1,0,205,124,97,2465740,NA,1,35,283,230,230,14970700,NA,1,26,287,350,350,35157500,NA,1,800,500,400,420,84000000,3.00,1,0,230,185,180,7659000,NA,18
114,122,ang,b,187,48,140,15,sub,310,226,215,15062900,442,1.50,1.50,3,19,1,0,169,88,99,1472328,NA,1,22,270,200,190,10260000,1.18,1,0,120,105,100,1260000,NA,1,35,240,210,205,10332000,1.33,1,0,148,126,97,1808856,NA,8
116,124,ata,b,166,44,140,55,dom,200,240,250,12000000,409,1.00,1.00,1,11,1,0,73,128,79,738176,NA,1,0,140,136,158,3008320,0.43,1,0,206,158,110,3580280,NA,1,0,300,240,140,10080000,0.92,1,0,98,70,100,686000,NA,6
117,125,ata,c,168,67,140,45,sub,330,340,270,30294000,571,1.00,2.00,1,11,1,0,137,146,146,2920292,NA,1,0,286,206,246,14493336,NA,1,105,300,273,300,24570000,NA,1,250,314,316,250,24806000,0.83,1,0,149,180,172,4613040,NA,13
119,127,ata,a,175,44,150,10,dom,190,400,500,38000000,624,4.00,4.00,1,12,1,0,99,159,175,2754675,0.75,1,0,130,152,138,2726880,0.62,1,0,120,140,160,2688000,0.88,0,NA,NA,NA,NA,NA,NA,0,NA,NA,NA,NA,NA,NA,NA
120,128,ata,c,178,43,152,35,sub,320,230,250,18400000,475,0.50,1.00,2,11,1,0,99,59,52,303732,NA,1,0,220,187,120,4936800,NA,1,0,282,128,192,6930432,NA,1,190,280,240,200,13440000,0.83,1,0,88,69,60,364320,NA,11
121,129,ata,c,184,40,157,45,sub,476,520,404,99998080,930,3.50,7.00,6,16,1,0,188,192,193,6966528,NA,1,0,344,332,320,36546560,NA,1,3000,410,400,433,71012000,NA,1,900,420,450,460,86940000,11.08,1,0,250,195,200,9750000,NA,28
124,132,ata,b,160,35,141,30,dom,380,430,500,81700000,853,4.00,8.00,2,21,1,0,140,165,193,4458300,NA,1,40,290,370,370,39701000,4.83,1,0,246,238,218,12763464,NA,1,150,400,416,340,56576000,4.62,1,0,190,220,180,7524000,NA,32
125,133,ata,a,154,40,133,30,dom,270,390,280,29484000,566,2.00,2.00,1,14,1,0,240,144,165,5702400,1.50,1,0,198,203,154,6189876,1.83,1,0,163,157,125,3198875,1.58,1,0,170,135,125,2868750,1.40,0,NA,NA,NA,NA,NA,NA,NA
126,134,ata,b,152,30,145,20,dom,207,260,170,9149400,374,1.00,1.00,31,20,1,0,136,97,97,1279624,NA,1,120,192,130,138,3444480,1.40,1,0,159,153,118,2870586,NA,1,60,260,260,240,16224000,2.42,1,0,200,160,140,4480000,NA,19
128,136,ata,a,190,30,145,40,dom,250,450,460,51750000,706,3.50,3.50,4,24,1,0,163,141,162,3723246,3.00,1,0,174,150,160,4176000,2.07,1,0,136,104,130,1838720,2.37,1,0,143,145,120,2488200,1.92,1,0,122,102,107,1331508,0.28,22
129,137,ata,a,170,30,120,30,dom,310,300,280,26040000,539,1.00,2.00,1,19,1,0,200,130,145,3770000,1.50,1,0,143,143,185,3783065,1.33,1,0,190,126,130,3112200,1.53,1,0,175,127,100,2222500,1.42,1,0,172,80,70,963200,0.15,6
130,138,ata,c,170,30,120,40,sub,280,400,310,34720000,602,1.00,2.00,1,13,1,0,144,119,132,2261952,NA,1,0,262,232,206,12521504,NA,1,0,405,307,220,27353700,NA,1,30,500,360,450,81000000,1.67,1,0,230,173,169,6724510,NA,7
131,139,ata,b,200,30,131,65,sub,310,470,480,69936000,799,4.00,8.00,1,50,1,0,230,200,250,11500000,NA,1,33,497,270,350,46966500,2.50,1,0,258,180,220,10216800,NA,1,50,520,350,370,67340000,3.88,1,0,174,153,160,4259520,NA,25
132,140,ata,a,200,30,115,90,sub,250,186,96,4464000,301,0.50,1.00,1,15,1,0,149,88,87,1140744,2.00,1,0,158,42,52,345072,0.25,1,0,161,66,46,488796,1.17,1,0,230,50,85,977500,0.67,1,0,160,103,100,1648000,0.07,5
133,141,ang,b,222,65,125,15,dom,590,510,760,228684000,1338,6.00,12.00,12,19,1,0,212,156,167,5523024,NA,1,0,386,276,268,28551648,3.75,1,0,222,140,115,3574200,NA,1,0,426,228,220,21368160,1.68,1,0,222,137,129,3923406,NA,7
134,142,ang,a,211,56,122,15,dom,465,700,680,221340000,1318,12.00,24.00,33,19,1,0,207,162,166,5566644,4.22,1,0,193,170,180,5905800,2.50,0,NA,NA,NA,NA,NA,NA,0,NA,NA,NA,NA,NA,NA,0,NA,NA,NA,NA,NA,NA,NA
135,143,ang,b,204,33,125,20,dom,370,460,260,44252000,663,0.50,1.00,7,18,1,0,191,113,102,2201466,NA,1,0,320,237,192,14561280,1.25,1,0,150,145,102,2218500,NA,1,0,285,180,180,9234000,1.53,1,0,132,130,90,1544400,NA,7
137,145,ang,b,201,37,119,25,dom,425,410,340,59245000,746,2.50,5.00,7,19,1,0,215,117,113,2842515,NA,1,0,346,198,245,16784460,1.13,1,0,144,104,132,1976832,NA,0,NA,NA,NA,NA,NA,NA,0,NA,NA,NA,NA,NA,NA,NA
138,146,ata,a,204,33,125,20,dom,285,370,290,30580500,574,3.00,3.00,3,10,1,0,100,123,117,1439100,0.67,1,0,127,142,112,2019808,0.67,1,0,122,86,77,807884,0.60,1,0,169,90,169,2570490,1.40,1,0,103,77,63,499653,1.08,10
140,148,ata,c,195,42,134,10,dom,240,330,270,21384000,501,0.50,1.00,1,14,1,0,133,144,129,2470608,NA,1,0,253,255,270,17419050,NA,1,80,308,430,375,49665000,NA,1,1500,365,450,415,68163750,3.40,1,0,110,137,184,2772880,NA,8
143,201,ang,c,218,47,120,20,dom,430,470,510,103071000,942,1.50,3.00,15,25,1,0,200,140,144,4032000,NA,1,0,380,280,328,34899200,NA,1,50,473,450,550,117067500,NA,1,550,460,460,467,98817200,6.92,1,0,225,180,155,6277500,NA,26
144,202,ata,b,208,54,121,45,sub,550,540,460,136620000,1064,1.50,3.00,1,15,1,0,208,144,127,3803904,NA,1,0,380,240,308,28089600,1.33,1,0,230,183,177,7449930,NA,1,0,325,225,325,23765625,2.70,1,0,174,137,166,3957108,NA,11
145,203,ata,c,188,29,125,15,dom,568,587,470,156705520,1130,8.50,17.00,1,18,1,0,212,227,182,8758568,NA,1,0,384,238,250,22848000,NA,1,30,410,340,370,51578000,NA,1,270,400,360,450,64800000,5.50,1,0,204,192,194,7598592,NA,23
146,204,ang,c,202,20,128,25,dom,460,390,350,62790000,764,0.50,1.00,5,14,1,0,174,80,46,640320,NA,1,0,303,275,218,18164850,NA,1,0,290,370,260,27898000,NA,1,0,420,430,300,54180000,0.88,1,0,189,98,83,1537326,NA,10
147,205,ata,b,208,37,130,10,dom,260,350,320,29120000,563,0.50,1.00,2,15,1,0,235,140,126,4145400,NA,1,0,359,215,251,19373435,0.93,1,0,230,135,124,3850200,NA,1,0,335,270,370,33466500,1.48,1,0,135,135,121,2205225,NA,11
148,206,ata,a,215,45,119,20,dom,226,370,265,22159300,508,0.50,1.00,2,24,1,0,122,120,163,2386320,1.45,1,0,156,183,117,3340116,0.98,1,0,129,110,100,1419000,1.17,1,0,168,100,120,2016000,1.50,1,0,56,112,55,344960,2.03,15
149,207,ata,b,212,47,119,20,dom,300,245,290,21315000,501,0.50,1.00,1,17,1,0,176,122,113,2426336,NA,1,0,300,246,233,17195400,0.97,1,0,202,190,103,3953140,NA,1,0,320,190,240,14592000,1.45,1,0,177,154,114,3107412,NA,13
151,209,ata,c,211,44,130,20,sub,415,390,460,74451000,820,1.00,2.00,1,16,1,0,224,140,139,4359040,NA,1,0,347,205,280,19917800,NA,1,15,397,248,275,27075400,NA,1,700,380,280,310,32984000,3.83,1,0,205,207,189,8020215,NA,10
152,210,ata,b,211,44,130,20,dom,276,440,190,23073600,516,0.50,1.00,1,15,1,0,250,122,114,3477000,NA,1,0,320,236,210,15859200,0.67,1,0,196,165,123,3977820,NA,1,0,398,200,105,8358000,1.27,1,0,213,140,140,4174800,NA,10
153,211,ata,b,208,43,128,25,dom,180,310,475,26505000,543,1.00,2.00,3,15,1,0,184,133,134,3279248,NA,1,0,373,250,284,26483000,1.50,1,0,220,150,132,4356000,NA,1,38,390,290,300,33930000,2.25,1,0,120,147,109,1922760,NA,14
154,212,ata,b,211,44,130,15,dom,290,210,190,11571000,404,0.50,1.00,1,15,1,0,134,150,118,2371800,NA,1,0,270,230,217,13475700,0.43,1,0,230,124,150,4278000,NA,1,0,330,230,207,15711300,0.40,1,0,200,103,89,1833400,NA,16
155,213,ata,a,198,40,123,20,dom,340,340,490,56644000,733,3.00,3.00,3,18,1,0,240,147,167,5891760,1.67,1,0,202,207,210,8780940,0.90,1,0,147,105,160,2469600,1.08,1,0,116,100,100,1160000,0.95,1,0,73,56,53,216664,1.37,17
156,214,ata,b,196,50,123,45,sub,330,370,290,35409000,607,0.50,1.00,1,12,1,0,208,106,90,1984320,NA,1,0,357,152,211,11449704,0.80,1,0,204,68,80,1109760,NA,1,0,338,163,163,8980322,0.55,1,0,190,80,73,1109600,NA,7
157,215,ata,b,208,45,121,35,dom,400,346,260,35984000,611,0.50,1.00,1,11,1,0,226,130,156,4583280,NA,1,0,385,291,309,34618815,0.83,1,0,230,163,142,5323580,NA,1,0,358,258,350,32327400,1.05,1,0,180,70,50,630000,NA,5
158,216,ata,c,208,45,121,40,sub,500,500,480,120000000,1006,0.50,1.00,1,10,1,0,191,116,96,2126976,NA,1,0,290,270,235,18400500,NA,1,0,310,240,273,20311200,NA,1,30,286,330,301,28408380,2.05,1,0,247,185,202,9230390,NA,8
159,217,ata,b,199,35,121,50,sub,370,360,250,33300000,593,0.50,1.00,1,11,1,0,181,107,69,1336323,NA,1,0,255,147,210,7871850,0.67,1,0,230,130,124,3707600,NA,1,0,374,170,128,8138240,0.62,1,0,164,107,87,1526676,NA,6
160,218,ata,a,199,35,142,50,sub,232,288,290,19376640,484,0.50,1.00,1,10,1,0,202,129,105,2736090,0.45,1,0,90,75,84,567000,0.42,1,0,55,75,53,218625,0.42,0,NA,NA,NA,NA,NA,NA,0,NA,NA,NA,NA,NA,NA,NA
161,219,ata,b,198,36,144,40,sub,322,286,248,22838816,514,0.50,1.00,1,11,1,0,232,112,113,2936192,NA,1,0,308,156,190,9129120,0.33,1,0,120,97,136,1583040,NA,1,0,317,170,100,5389000,0.60,1,0,123,82,85,857310,NA,6
162,220,ata,b,195,38,144,45,sub,295,250,140,10325000,389,0.50,1.00,1,10,1,0,209,100,64,1337600,NA,1,0,239,169,118,4766138,0.37,1,0,149,146,55,1196470,NA,1,0,158,72,92,1046592,0.32,1,0,60,57,84,287280,NA,8
163,221,ata,a,195,38,144,45,sub,324,320,330,34214400,599,0.50,1.00,3,10,1,0,203,106,110,2366980,1.03,1,0,122,87,77,817278,0.42,1,0,116,70,64,519680,0.67,1,0,60,47,28,78960,0.67,0,NA,NA,NA,NA,NA,NA,NA
164,222,ata,b,199,35,148,45,sub,420,310,400,52080000,708,0.50,1.00,1,10,1,0,200,119,87,2070600,NA,1,0,378,186,273,19194084,0.80,1,0,201,140,136,3827040,NA,1,0,317,160,250,12680000,0.37,1,0,208,212,208,9171968,NA,11
165,223,ata,a,296,35,146,50,sub,317,330,210,21968100,506,0.50,1.00,1,8,1,0,213,102,85,1846710,0.38,1,0,138,85,65,762450,0.33,0,NA,NA,NA,NA,NA,NA,0,NA,NA,NA,NA,NA,NA,0,NA,NA,NA,NA,NA,NA,NA
167,225,ata,a,218,38,146,35,dom,340,270,325,29835000,568,0.50,1.00,1,11,1,0,162,63,76,775656,0.23,1,0,74,20,20,29600,0.23,0,NA,NA,NA,NA,NA,NA,0,NA,NA,NA,NA,NA,NA,0,NA,NA,NA,NA,NA,NA,NA
168,226,ata,a,264,30,143,30,dom,360,330,370,43956000,661,0.50,1.00,1,11,1,0,203,74,77,1156694,0.55,1,0,93,48,68,303552,0.25,0,NA,NA,NA,NA,NA,NA,0,NA,NA,NA,NA,NA,NA,0,NA,NA,NA,NA,NA,NA,NA
169,227,ata,a,202,30,143,25,dom,340,268,270,24602400,528,0.50,1.00,1,6,1,0,227,81,82,1507734,0.37,1,0,104,75,87,678600,0.33,1,0,152,135,75,1539000,0.37,1,0,46,56,60,154560,0.62,0,NA,NA,NA,NA,NA,NA,NA
170,228,ata,a,190,34,140,40,sub,340,270,236,21664800,504,1.50,3.00,2,15,1,0,184,87,126,2017008,0.47,1,0,105,100,108,1134000,0.55,1,0,113,84,70,664440,0.62,1,0,18,41,13,9594,0.53,0,NA,NA,NA,NA,NA,NA,NA
173,231,ata,a,190,28,142,45,sub,290,330,280,26796000,545,0.50,1.00,1,11,1,0,188,90,109,1844280,0.42,1,0,166,114,108,2043792,0.30,1,0,102,90,60,550800,0.62,0,NA,NA,NA,NA,NA,NA,0,NA,NA,NA,NA,NA,NA,NA
175,233,ata,b,200,30,105,45,sub,310,340,280,29512000,566,0.50,1.00,1,11,1,0,218,87,76,1441416,NA,1,0,317,180,165,9414900,0.67,1,0,201,168,147,4963896,NA,1,0,377,190,190,13609700,0.55,1,0,170,106,81,1459620,NA,7
176,234,ata,b,200,32,138,30,dom,271,330,282,25219260,533,0.50,1.00,1,12,1,0,182,66,94,1129128,NA,1,0,300,192,160,9216000,0.50,1,0,107,98,60,629160,NA,0,NA,NA,NA,NA,NA,NA,0,NA,NA,NA,NA,NA,NA,NA
177,235,ata,a,190,30,95,60,sub,310,235,240,17484000,466,0.50,1.00,1,18,1,0,200,128,114,2918400,0.83,1,0,87,120,49,511560,0.27,0,NA,NA,NA,NA,NA,NA,0,NA,NA,NA,NA,NA,NA,0,NA,NA,NA,NA,NA,NA,NA
178,236,ata,c,220,27,120,80,sub,330,370,410,50061000,697,0.50,1.00,1,10,0,0,NA,NA,NA,NA,NA,0,NA,NA,NA,NA,NA,NA,0,NA,NA,NA,NA,NA,NA,0,NA,NA,NA,NA,NA,NA,0,NA,NA,NA,NA,NA,NA,NA
179,237,ata,b,228,16,127,40,sub,220,326,230,16495600,456,0.50,1.00,1,15,1,0,134,119,94,1498924,NA,1,0,297,186,180,9943560,0.47,1,0,169,106,113,2024282,NA,1,0,290,250,150,10875000,0.78,1,0,154,120,170,3141600,NA,9
181,239,ata,b,220,23,130,25,dom,490,518,440,111680800,975,1.00,2.00,2,16,1,0,263,146,189,7257222,NA,1,0,430,340,360,52632000,1.47,1,0,185,85,54,849150,NA,1,0,84,77,27,174636,0.57,0,NA,NA,NA,NA,NA,NA,NA
182,240,ata,c,220,23,130,60,sub,268,280,200,15008000,442,0.50,1.00,1,15,0,0,NA,NA,NA,NA,NA,0,NA,NA,NA,NA,NA,NA,0,NA,NA,NA,NA,NA,NA,0,NA,NA,NA,NA,NA,NA,0,NA,NA,NA,NA,NA,NA,NA
183,241,ata,b,210,40,120,60,sub,300,310,250,23250000,517,0.50,1.00,1,8,1,0,75,74,58,321900,NA,1,0,130,130,187,3160300,0.30,1,0,159,86,80,1093920,NA,0,NA,NA,NA,NA,NA,NA,0,NA,NA,NA,NA,NA,NA,NA
184,242,ata,a,220,23,130,35,sub,260,200,230,11960000,408,0.50,1.00,1,19,0,0,NA,NA,NA,NA,NA,0,NA,NA,NA,NA,NA,NA,0,NA,NA,NA,NA,NA,NA,0,NA,NA,NA,NA,NA,NA,0,NA,NA,NA,NA,NA,NA,NA
186,244,ata,a,223,42,118,25,dom,225,296,230,15318000,445,0.50,1.00,1,10,1,0,86,139,105,1255170,0.73,1,0,48,67,80,257280,0.53,1,0,156,94,106,1554384,1.10,1,0,140,140,110,2156000,0.48,1,0,80,148,80,947200,1.17,5
187,245,ata,b,223,42,118,25,dom,359,380,200,27284000,549,0.50,1.00,1,10,1,0,126,89,77,863478,NA,1,0,305,154,173,8125810,0.30,1,0,240,170,80,3264000,NA,1,0,383,240,140,12868800,0.87,1,0,96,110,69,728640,NA,9
188,246,ata,c,214,29,132,30,dom,340,337,260,29790800,568,0.50,1.00,1,12,1,0,202,120,88,2133120,NA,1,0,373,268,205,20492620,NA,1,0,390,380,210,31122000,NA,1,60,402,387,315,49005810,3.73,1,0,130,97,99,1248390,NA,11
189,247,ata,c,218,34,134,15,dom,330,484,520,83054400,859,5.50,11.00,2,37,1,0,189,233,203,8939511,NA,1,0,404,480,310,60115200,NA,1,350,470,406,500,95410000,NA,1,1500,417,440,442,81098160,21.78,1,0,122,197,185,4446290,NA,56
191,249,ata,a,210,28,137,10,dom,310,305,280,26474000,543,1.50,3.00,2,20,1,0,228,190,140,6064800,1.50,1,0,263,180,179,8473860,0.82,1,0,194,172,146,4871728,2.58,1,0,194,154,150,4481400,2.32,0,NA,NA,NA,NA,NA,NA,NA
192,250,ata,c,210,30,140,25,dom,280,380,445,47348000,681,0.50,1.00,1,11,1,0,180,164,144,4250880,NA,1,4,272,270,343,25189920,NA,1,130,300,403,277,33489300,NA,1,650,308,388,388,46367552,4.67,1,0,120,176,150,3168000,NA,12
193,251,ata,a,218,30,133,10,dom,360,400,318,45792000,672,1.50,1.50,2,21,1,0,92,93,91,778596,0.82,1,0,48,45,53,114480,0.25,0,NA,NA,NA,NA,NA,NA,0,NA,NA,NA,NA,NA,NA,0,NA,NA,NA,NA,NA,NA,NA
194,252,ata,b,206,30,133,30,dom,280,239,270,18068400,472,1.00,2.00,1,15,1,0,237,122,131,3787734,NA,1,0,251,150,182,6852300,0.67,1,0,177,110,200,3894000,NA,1,0,375,260,230,22425000,2.05,1,0,186,140,100,2604000,NA,4
195,253,ata,a,210,40,137,10,dom,290,400,380,44080000,662,16.00,16.00,2,13,1,0,29,60,54,93960,0.82,0,NA,NA,NA,NA,NA,NA,0,NA,NA,NA,NA,NA,NA,0,NA,NA,NA,NA,NA,NA,0,NA,NA,NA,NA,NA,NA,NA
196,254,ata,c,218,35,140,30,dom,400,455,500,91000000,893,0.50,1.00,1,13,1,0,234,163,160,6102720,NA,1,9,352,265,355,33114400,NA,1,80,338,384,470,61002240,NA,1,60,417,305,500,63592500,8.08,1,0,277,220,185,11273900,NA,20
197,255,ata,c,218,35,140,40,dom,360,380,320,43776000,660,0.50,1.00,2,10,1,0,276,109,140,4211760,NA,1,0,390,247,226,21770580,NA,1,50,430,350,340,51170000,NA,1,250,369,330,460,56014200,2.52,1,0,260,180,177,8283600,NA,11
198,256,ata,c,215,35,138,15,dom,256,348,410,36526080,614,0.50,1.00,2,10,1,0,184,137,118,2974544,NA,1,0,314,230,224,16177280,NA,1,120,300,343,322,33133800,NA,1,50,408,440,450,80784000,3.68,1,0,177,196,151,5238492,NA,13
199,257,ata,b,228,19,124,35,sub,237,200,137,6493800,336,0.50,1.00,1,13.5,1,0,112,88,58,571648,NA,1,0,135,125,100,1687500,0.58,1,0,46,36,27,44712,NA,1,0,50,36,30,54000,0.35,1,0,55,30,33,54450,NA,5
200,258,ata,c,206,21,149,3,dom,244,320,244,19051520,481,0.50,1.00,3,17,1,0,159,139,133,2939433,NA,1,0,205,198,253,10269270,NA,1,0,255,268,308,21048720,NA,1,650,235,280,220,14476000,3.18,1,0,142,130,130,2399800,NA,11
201,259,ata,a,204,26,138,3,dom,157,167,172,4509668,302,0.50,1.00,1,9,1,0,89,103,92,843364,0.65,1,0,42,89,80,299040,0.52,1,0,85,95,77,621775,0.60,1,0,100,90,110,990000,0.97,1,0,80,89,70,498400,1.27,8
202,260,ang,b,202,51,137,10,dom,500,400,500,100000000,930,3.00,6.00,19,11,1,0,219,147,160,5150880,NA,1,0,385,303,311,36279705,2.45,1,0,207,140,134,3883320,NA,1,0,240,320,265,20352000,3.40,0,NA,NA,NA,NA,NA,NA,NA
203,182,ata,c,200,22,125,20,dom,110,220,180,4356000,299,2.50,2.50,1,25,1,0,52,108,104,584064,NA,1,0,60,150,140,1260000,NA,1,0,85,247,255,5353725,NA,1,153,130,330,310,13299000,3.33,1,0,55,136,122,912560,NA,9
204,185,ata,a,170,30,140,10,dom,170,200,140,4760000,307,1.30,1.30,1,28,1,0,62,74,46,211048,1.15,1,0,59,60,98,346920,0.67,1,0,90,113,73,742410,0.95,1,0,106,110,125,1457500,1.47,1,0,68,90,70,428400,0.43,11
205,186,ata,b,202,28,141,5,dom,170,200,160,5440000,319,1.10,1.10,1,25,1,0,70,93,75,488250,NA,1,0,74,85,62,389980,0.67,0,NA,NA,NA,NA,NA,NA,0,NA,NA,NA,NA,NA,NA,0,NA,NA,NA,NA,NA,NA,NA
206,189,ata,b,167,37,134,5,dom,150,240,130,4680000,305,5.00,5.00,1,40,1,0,124,163,117,2364804,NA,1,27,185,222,187,7680090,1.75,1,0,160,190,200,6080000,NA,1,0,226,226,297,15169572,2.03,1,0,152,122,104,1928576,NA,17
207,162,ata,c,168,50,139,15,dom,250,240,150,9000000,372,2.15,2.15,1,34,1,0,176,120,142,2999040,NA,1,80,250,246,250,15375000,NA,1,390,250,315,330,25987500,NA,1,60,300,360,400,43200000,3.83,1,0,172,148,146,3716576,NA,23
208,187,ata,b,200,35,125,20,dom,100,200,130,2600000,261,3.20,3.20,3,26,1,0,42,40,48,80640,NA,1,0,74,94,53,368668,0.45,1,0,30,38,50,57000,NA,0,NA,NA,NA,NA,NA,NA,0,NA,NA,NA,NA,NA,NA,NA
209,190,ata,a,200,15,125,10,dom,230,200,150,6900000,342,3.00,3.00,1,57,1,0,90,70,63,396900,0.35,0,NA,NA,NA,NA,NA,NA,0,NA,NA,NA,NA,NA,NA,0,NA,NA,NA,NA,NA,NA,0,NA,NA,NA,NA,NA,NA,NA
210,184,ata,a,225,40,125,20,sub,240,110,110,2904000,269,1.00,1.00,1,24,1,0,95,85,76,613700,0.28,1,0,24,15,14,5040,0.18,0,NA,NA,NA,NA,NA,NA,0,NA,NA,NA,NA,NA,NA,0,NA,NA,NA,NA,NA,NA,NA
211,192,ata,a,190,19,110,19,dom,140,130,120,2184000,251,2.20,2.20,1,56,0,0,NA,NA,NA,NA,NA,0,NA,NA,NA,NA,NA,NA,0,NA,NA,NA,NA,NA,NA,0,NA,NA,NA,NA,NA,NA,0,NA,NA,NA,NA,NA,NA,NA
212,193,ata,b,190,19,110,15,dom,190,170,150,4845000,308,3.50,3.50,1,47,1,0,70,69,77,371910,NA,0,NA,NA,NA,NA,NA,NA,0,NA,NA,NA,NA,NA,NA,0,NA,NA,NA,NA,NA,NA,0,NA,NA,NA,NA,NA,NA,NA
214,194,ata,b,200,30,104,15,dom,160,70,60,672000,198,1.50,1.50,1,23,1,0,79,54,58,247428,NA,1,0,130,89,87,1006590,0.17,1,0,81,35,65,184275,NA,1,0,140,50,110,770000,0.82,1,0,44,57,40,100320,NA,6
215,180,ata,c,215,32,135,20,dom,350,140,60,2940000,269,1.30,1.30,1,52,1,0,215,114,105,2573550,NA,1,0,298,170,150,7599000,NA,1,0,360,280,184,18547200,NA,1,50,360,380,260,35568000,1.17,1,0,230,180,138,5713200,NA,11
216,198,ata,a,224,26,133,25,sub,230,170,170,6647000,338,1.00,1.00,1,47,1,0,183,143,93,2433717,0.42,1,0,157,105,94,1549590,0.67,1,0,122,126,101,1552572,0.82,1,0,124,34,44,185504,0.75,1,0,87,44,50,191400,0.80,11
217,177,ata,b,210,20,146,30,sub,280,300,180,15120000,443,3.50,3.50,1,36,1,0,14,20,23,6440,NA,0,NA,NA,NA,NA,NA,NA,0,NA,NA,NA,NA,NA,NA,0,NA,NA,NA,NA,NA,NA,0,NA,NA,NA,NA,NA,NA,NA
218,196,ata,c,224,26,133,15,dom,330,160,100,5280000,316,2.15,2.15,3,32,1,0,100,95,110,1045000,NA,1,0,300,212,175,11130000,NA,1,10,393,324,236,30050352,NA,1,0,390,370,330,47619000,1.77,1,0,135,153,133,2747115,NA,23
219,176,ata,c,158,50,154,20,sub,300,150,100,4500000,302,3.00,3.00,1,50,1,0,209,83,67,1162249,NA,1,0,398,147,152,8892912,NA,1,50,400,200,270,21600000,NA,1,0,385,283,300,32686500,5.67,1,0,177,178,120,3780720,NA,15
220,175,ata,a,164,50,115,80,sub,320,200,180,11520000,403,3.60,3.60,1,45,1,0,223,220,210,10302600,2.00,1,0,193,130,77,1931930,1.08,1,0,197,150,114,3368700,1.78,1,0,248,90,67,1495440,1.00,0,NA,NA,NA,NA,NA,NA,NA
221,191,ata,c,190,17,110,20,sub,120,110,60,792000,204,1.00,1.00,1,28,0,0,NA,NA,NA,NA,NA,0,NA,NA,NA,NA,NA,NA,0,NA,NA,NA,NA,NA,NA,0,NA,NA,NA,NA,NA,NA,0,NA,NA,NA,NA,NA,NA,NA
222,173,ang,c,206,61,123,60,sub,380,250,200,19000000,480,8.15,8.15,1,53,1,0,244,131,138,4411032,NA,1,0,408,223,192,17468928,NA,1,0,466,300,300,41940000,NA,1,50,550,300,300,49500000,10.00,1,0,180,160,173,4982400,NA,25
